Jméno,Hráč,image_path
Aaron Irving,Aaron Irving HC Sparta Praha,/mount/src/hokejove_karty/Karty/Aaron_Irving_HC_Sparta_Praha.png
Adam Benák,Adam Benák HC Škoda Plzeň,/mount/src/hokejove_karty/Karty/Adam_Benák_HC_Škoda_Plzeň.png
Adam Jánošík,Adam Jánošík BK Mladá Boleslav,/mount/src/hokejove_karty/Karty/Adam_Jánošík_BK_Mladá_Boleslav.png
Adam Jiříček,Adam Jiříček HC Škoda Plzeň,/mount/src/hokejove_karty/Karty/Adam_Jiříček_HC_Škoda_Plzeň.png
Adam Kubík,Adam Kubík Banes Motor Č. Budějovice,/mount/src/hokejove_karty/Karty/Adam_Kubík_Banes_Motor_Č._Budějovice.png
Adam Musil,Adam Musil HC Dynamo Pardubice,/mount/src/hokejove_karty/Karty/Adam_Musil_HC_Dynamo_Pardubice.png
Adam Najman,Adam Najman Bílí Tygři Liberec,/mount/src/hokejove_karty/Karty/Adam_Najman_Bílí_Tygři_Liberec.png
Adam Polášek,Adam Polášek HC Oceláři Třinec,/mount/src/hokejove_karty/Karty/Adam_Polášek_HC_Oceláři_Třinec.png
Adam Rulík,Adam Rulík HC Energie Karlovy Vary,/mount/src/hokejove_karty/Karty/Adam_Rulík_HC_Energie_Karlovy_Vary.png
Adam Rutar,Adam Rutar HC Olomouc,/mount/src/hokejove_karty/Karty/Adam_Rutar_HC_Olomouc.png
Adam Smith,Adam Smith HC Oceláři Třinec,/mount/src/hokejove_karty/Karty/Adam_Smith_HC_Oceláři_Třinec.png
Adam Zbořil,Adam Zbořil HC Kometa Brno,/mount/src/hokejove_karty/Karty/Adam_Zbořil_HC_Kometa_Brno.png
Adrián Holešinský,Adrián Holešinský HC Škoda Plzeň,/mount/src/hokejove_karty/Karty/Adrián_Holešinský_HC_Škoda_Plzeň.png
Aleksi Laakso,Aleksi Laakso HC Škoda Plzeň,/mount/src/hokejove_karty/Karty/Aleksi_Laakso_HC_Škoda_Plzeň.png
Aleksi Rekonen,Aleksi Rekonen HC Škoda Plzeň,/mount/src/hokejove_karty/Karty/Aleksi_Rekonen_HC_Škoda_Plzeň.png
Aleš Čech,Aleš Čech BK Mladá Boleslav,/mount/src/hokejove_karty/Karty/Aleš_Čech_BK_Mladá_Boleslav.png
Aleš Jergl,Aleš Jergl Mountfield HK,/mount/src/hokejove_karty/Karty/Aleš_Jergl_Mountfield_HK.png
Alex Lintuniemi,Alex Lintuniemi BK Mladá Boleslav,/mount/src/hokejove_karty/Karty/Alex_Lintuniemi_BK_Mladá_Boleslav.png
Alex Rašner,Alex Rašner HC Olomouc,/mount/src/hokejove_karty/Karty/Alex_Rašner_HC_Olomouc.png
Alex Tamáši,Alex Tamáši Mountfield HK,/mount/src/hokejove_karty/Karty/Alex_Tamáši_Mountfield_HK.png
Andrej Kollár,Andrej Kollár HC Kometa Brno,/mount/src/hokejove_karty/Karty/Andrej_Kollár_HC_Kometa_Brno.png
Andrej Kudrna,Andrej Kudrna HC VERVA Litvínov,/mount/src/hokejove_karty/Karty/Andrej_Kudrna_HC_VERVA_Litvínov.png
Andrej Nestrašil,Andrej Nestrašil HC Oceláři Třinec,/mount/src/hokejove_karty/Karty/Andrej_Nestrašil_HC_Oceláři_Třinec.png
Antonín Melka,Antonín Melka Rytíři Kladno,/mount/src/hokejove_karty/Karty/Antonín_Melka_Rytíři_Kladno.png
Aron Chmielewski,Aron Chmielewski HC Olomouc,/mount/src/hokejove_karty/Karty/Aron_Chmielewski_HC_Olomouc.png
Bohumil Jank,Bohumil Jank Mountfield HK,/mount/src/hokejove_karty/Karty/Bohumil_Jank_Mountfield_HK.png
Brant Harris,Brant Harris Banes Motor Č. Budějovice,/mount/src/hokejove_karty/Karty/Brant_Harris_Banes_Motor_Č._Budějovice.png
Dalibor Řezníček,Dalibor Řezníček HC Olomouc,/mount/src/hokejove_karty/Karty/Dalibor_Řezníček_HC_Olomouc.png
Dalimil Mikyska,Dalimil Mikyska HC Energie Karlovy Vary,/mount/src/hokejove_karty/Karty/Dalimil_Mikyska_HC_Energie_Karlovy_Vary.png
Daniel Gazda,Daniel Gazda HC Kometa Brno,/mount/src/hokejove_karty/Karty/Daniel_Gazda_HC_Kometa_Brno.png
Daniel Kružík,Daniel Kružík HC Energie Karlovy Vary,/mount/src/hokejove_karty/Karty/Daniel_Kružík_HC_Energie_Karlovy_Vary.png
Daniel Kurovský,Daniel Kurovský HC Oceláři Třinec,/mount/src/hokejove_karty/Karty/Daniel_Kurovský_HC_Oceláři_Třinec.png
Daniel Malák,Daniel Malák HC Škoda Plzeň,/mount/src/hokejove_karty/Karty/Daniel_Malák_HC_Škoda_Plzeň.png
Daniel Voženílek,Daniel Voženílek HC Oceláři Třinec,/mount/src/hokejove_karty/Karty/Daniel_Voženílek_HC_Oceláři_Třinec.png
David Bernad,David Bernad BK Mladá Boleslav,/mount/src/hokejove_karty/Karty/David_Bernad_BK_Mladá_Boleslav.png
David Cienciala,David Cienciala HC Oceláři Třinec,/mount/src/hokejove_karty/Karty/David_Cienciala_HC_Oceláři_Třinec.png
David Dvořáček,David Dvořáček BK Mladá Boleslav,/mount/src/hokejove_karty/Karty/David_Dvořáček_BK_Mladá_Boleslav.png
Dávid Gríger,Dávid Gríger HC Energie Karlovy Vary,/mount/src/hokejove_karty/Karty/Dávid_Gríger_HC_Energie_Karlovy_Vary.png
David Kaše,David Kaše HC VERVA Litvínov,/mount/src/hokejove_karty/Karty/David_Kaše_HC_VERVA_Litvínov.png
David Kofroň,David Kofroň HC Energie Karlovy Vary,/mount/src/hokejove_karty/Karty/David_Kofroň_HC_Energie_Karlovy_Vary.png
David Kvasnička,David Kvasnička HC Škoda Plzeň,/mount/src/hokejove_karty/Karty/David_Kvasnička_HC_Škoda_Plzeň.png
David Musil,David Musil HC Dynamo Pardubice,/mount/src/hokejove_karty/Karty/David_Musil_HC_Dynamo_Pardubice.png
David Němeček,David Němeček HC Sparta Praha,/mount/src/hokejove_karty/Karty/David_Němeček_HC_Sparta_Praha.png
David Škůrek,David Škůrek HC Olomouc,/mount/src/hokejove_karty/Karty/David_Škůrek_HC_Olomouc.png
David Šťastný,David Šťastný Mountfield HK,/mount/src/hokejove_karty/Karty/David_Šťastný_Mountfield_HK.png
David Štich,David Štich Banes Motor Č. Budějovice,/mount/src/hokejove_karty/Karty/David_Štich_Banes_Motor_Č._Budějovice.png
David Vitouch,David Vitouch HC Sparta Praha,/mount/src/hokejove_karty/Karty/David_Vitouch_HC_Sparta_Praha.png
Denis Kusý,Denis Kusý Rytíři Kladno,/mount/src/hokejove_karty/Karty/Denis_Kusý_Rytíři_Kladno.png
Denis Zeman,Denis Zeman HC VERVA Litvínov,/mount/src/hokejove_karty/Karty/Denis_Zeman_HC_VERVA_Litvínov.png
Deven Sideroff,Deven Sideroff Rytíři Kladno,/mount/src/hokejove_karty/Karty/Deven_Sideroff_Rytíři_Kladno.png
Dominik Lakatoš,Dominik Lakatoš HC Vítkovice RIDERA,/mount/src/hokejove_karty/Karty/Dominik_Lakatoš_HC_Vítkovice_RIDERA.png
Dominik Simon,Dominik Simon Banes Motor Č. Budějovice,/mount/src/hokejove_karty/Karty/Dominik_Simon_Banes_Motor_Č._Budějovice.png
Eduards Tralmaks,Eduards Tralmaks Rytíři Kladno,/mount/src/hokejove_karty/Karty/Eduards_Tralmaks_Rytíři_Kladno.png
Evan Jasper,Evan Jasper Mountfield HK,/mount/src/hokejove_karty/Karty/Evan_Jasper_Mountfield_HK.png
Filip Chlapík,Filip Chlapík HC Sparta Praha,/mount/src/hokejove_karty/Karty/Filip_Chlapík_HC_Sparta_Praha.png
Filip Jansa,Filip Jansa HC Škoda Plzeň,/mount/src/hokejove_karty/Karty/Filip_Jansa_HC_Škoda_Plzeň.png
Filip Koffer,Filip Koffer HC Energie Karlovy Vary,/mount/src/hokejove_karty/Karty/Filip_Koffer_HC_Energie_Karlovy_Vary.png
Filip Krivošík,Filip Krivošík BK Mladá Boleslav,/mount/src/hokejove_karty/Karty/Filip_Krivošík_BK_Mladá_Boleslav.png
Filip Pavlík,Filip Pavlík BK Mladá Boleslav,/mount/src/hokejove_karty/Karty/Filip_Pavlík_BK_Mladá_Boleslav.png
Filip Přikryl,Filip Přikryl Banes Motor Č. Budějovice,/mount/src/hokejove_karty/Karty/Filip_Přikryl_Banes_Motor_Č._Budějovice.png
Filip Pyrochta,Filip Pyrochta BK Mladá Boleslav,/mount/src/hokejove_karty/Karty/Filip_Pyrochta_BK_Mladá_Boleslav.png
Filip Suchý,Filip Suchý BK Mladá Boleslav,/mount/src/hokejove_karty/Karty/Filip_Suchý_BK_Mladá_Boleslav.png
Giorgio Estephan,Giorgio Estephan Mountfield HK,/mount/src/hokejove_karty/Karty/Giorgio_Estephan_Mountfield_HK.png
Chris Martenet,Chris Martenet Rytíři Kladno,/mount/src/hokejove_karty/Karty/Chris_Martenet_Rytíři_Kladno.png
Christophe Lalancette,Christophe Lalancette Mountfield HK,/mount/src/hokejove_karty/Karty/Christophe_Lalancette_Mountfield_HK.png
Ian McCoshen,Ian McCoshen Bílí Tygři Liberec,/mount/src/hokejove_karty/Karty/Ian_McCoshen_Bílí_Tygři_Liberec.png
Iikka Kangasniemi,Iikka Kangasniemi HC Energie Karlovy Vary,/mount/src/hokejove_karty/Karty/Iikka_Kangasniemi_HC_Energie_Karlovy_Vary.png
Jáchym Kondelík,Jáchym Kondelík Banes Motor Č. Budějovice,/mount/src/hokejove_karty/Karty/Jáchym_Kondelík_Banes_Motor_Č._Budějovice.png
Jake Dotchin,Jake Dotchin Rytíři Kladno,/mount/src/hokejove_karty/Karty/Jake_Dotchin_Rytíři_Kladno.png
Jakub Babka,Jakub Babka Rytíři Kladno,/mount/src/hokejove_karty/Karty/Jakub_Babka_Rytíři_Kladno.png
Jakub Dvořák,Jakub Dvořák Bílí Tygři Liberec,/mount/src/hokejove_karty/Karty/Jakub_Dvořák_Bílí_Tygři_Liberec.png
Jakub Flek,Jakub Flek HC Kometa Brno,/mount/src/hokejove_karty/Karty/Jakub_Flek_HC_Kometa_Brno.png
Jakub Jeřábek,Jakub Jeřábek HC Oceláři Třinec,/mount/src/hokejove_karty/Karty/Jakub_Jeřábek_HC_Oceláři_Třinec.png
Jakub Klepiš,Jakub Klepiš Rytíři Kladno,/mount/src/hokejove_karty/Karty/Jakub_Klepiš_Rytíři_Kladno.png
Jakub Konečný,Jakub Konečný HC Sparta Praha,/mount/src/hokejove_karty/Karty/Jakub_Konečný_HC_Sparta_Praha.png
Jakub Kos,Jakub Kos HC Kometa Brno,/mount/src/hokejove_karty/Karty/Jakub_Kos_HC_Kometa_Brno.png
Jakub Kotala,Jakub Kotala HC Vítkovice RIDERA,/mount/src/hokejove_karty/Karty/Jakub_Kotala_HC_Vítkovice_RIDERA.png
Jakub Krejčík,Jakub Krejčík HC Sparta Praha,/mount/src/hokejove_karty/Karty/Jakub_Krejčík_HC_Sparta_Praha.png
Jakub Lev,Jakub Lev HC Škoda Plzeň,/mount/src/hokejove_karty/Karty/Jakub_Lev_HC_Škoda_Plzeň.png
Jakub Navrátil,Jakub Navrátil HC Olomouc,/mount/src/hokejove_karty/Karty/Jakub_Navrátil_HC_Olomouc.png
Jakub Orsava,Jakub Orsava HC Olomouc,/mount/src/hokejove_karty/Karty/Jakub_Orsava_HC_Olomouc.png
Jakub Pour,Jakub Pour HC Škoda Plzeň,/mount/src/hokejove_karty/Karty/Jakub_Pour_HC_Škoda_Plzeň.png
Jakub Rychlovský,Jakub Rychlovský Bílí Tygři Liberec,/mount/src/hokejove_karty/Karty/Jakub_Rychlovský_Bílí_Tygři_Liberec.png
Jakub Sirota,Jakub Sirota HC Olomouc,/mount/src/hokejove_karty/Karty/Jakub_Sirota_HC_Olomouc.png
Jakub Strnad,Jakub Strnad Rytíři Kladno,/mount/src/hokejove_karty/Karty/Jakub_Strnad_Rytíři_Kladno.png
Jakub Šiler,Jakub Šiler HC Škoda Plzeň,/mount/src/hokejove_karty/Karty/Jakub_Šiler_HC_Škoda_Plzeň.png
Jakub Valský,Jakub Valský Banes Motor Č. Budějovice,/mount/src/hokejove_karty/Karty/Jakub_Valský_Banes_Motor_Č._Budějovice.png
Jan Bambula,Jan Bambula HC Olomouc,/mount/src/hokejove_karty/Karty/Jan_Bambula_HC_Olomouc.png
Jan Buchtele,Jan Buchtele HC Sparta Praha,/mount/src/hokejove_karty/Karty/Jan_Buchtele_HC_Sparta_Praha.png
Jan Eberle,Jan Eberle Mountfield HK,/mount/src/hokejove_karty/Karty/Jan_Eberle_Mountfield_HK.png
Jan Hladonik,Jan Hladonik HC Energie Karlovy Vary,/mount/src/hokejove_karty/Karty/Jan_Hladonik_HC_Energie_Karlovy_Vary.png
Jan Káňa,Jan Káňa HC Olomouc,/mount/src/hokejove_karty/Karty/Jan_Káňa_HC_Olomouc.png
Jan Knotek,Jan Knotek HC Olomouc,/mount/src/hokejove_karty/Karty/Jan_Knotek_HC_Olomouc.png
Jan Kolář,Jan Kolář HC Dynamo Pardubice,/mount/src/hokejove_karty/Karty/Jan_Kolář_HC_Dynamo_Pardubice.png
Jan Košťálek,Jan Košťálek HC Dynamo Pardubice,/mount/src/hokejove_karty/Karty/Jan_Košťálek_HC_Dynamo_Pardubice.png
Jan Mandát,Jan Mandát HC Dynamo Pardubice,/mount/src/hokejove_karty/Karty/Jan_Mandát_HC_Dynamo_Pardubice.png
Jan Ordoš,Jan Ordoš Banes Motor Č. Budějovice,/mount/src/hokejove_karty/Karty/Jan_Ordoš_Banes_Motor_Č._Budějovice.png
Jan Piskáček,Jan Piskáček HC Škoda Plzeň,/mount/src/hokejove_karty/Karty/Jan_Piskáček_HC_Škoda_Plzeň.png
Jan Schleiss,Jan Schleiss HC Škoda Plzeň,/mount/src/hokejove_karty/Karty/Jan_Schleiss_HC_Škoda_Plzeň.png
Jan Stránský,Jan Stránský BK Mladá Boleslav,/mount/src/hokejove_karty/Karty/Jan_Stránský_BK_Mladá_Boleslav.png
Jan Ščotka,Jan Ščotka HC Kometa Brno,/mount/src/hokejove_karty/Karty/Jan_Ščotka_HC_Kometa_Brno.png
Jan Šír,Jan Šír Bílí Tygři Liberec,/mount/src/hokejove_karty/Karty/Jan_Šír_Bílí_Tygři_Liberec.png
Jan Štencel,Jan Štencel Banes Motor Č. Budějovice,/mount/src/hokejove_karty/Karty/Jan_Štencel_Banes_Motor_Č._Budějovice.png
Jan Švrček,Jan Švrček HC Olomouc,/mount/src/hokejove_karty/Karty/Jan_Švrček_HC_Olomouc.png
Jan Závora,Jan Závora BK Mladá Boleslav,/mount/src/hokejove_karty/Karty/Jan_Závora_BK_Mladá_Boleslav.png
Jani Lajunen,Jani Lajunen HC Sparta Praha,/mount/src/hokejove_karty/Karty/Jani_Lajunen_HC_Sparta_Praha.png
Janis Jaks,Janis Jaks HC VERVA Litvínov,/mount/src/hokejove_karty/Karty/Janis_Jaks_HC_VERVA_Litvínov.png
Jaromír Jágr,Jaromír Jágr Rytíři Kladno,/mount/src/hokejove_karty/Karty/Jaromír_Jágr_Rytíři_Kladno.png
Jaromír Pérez,Jaromír Pérez Bílí Tygři Liberec,/mount/src/hokejove_karty/Karty/Jaromír_Pérez_Bílí_Tygři_Liberec.png
Jaromír Pytlík,Jaromír Pytlík Rytíři Kladno,/mount/src/hokejove_karty/Karty/Jaromír_Pytlík_Rytíři_Kladno.png
Jaroslav Vlach,Jaroslav Vlach Bílí Tygři Liberec,/mount/src/hokejove_karty/Karty/Jaroslav_Vlach_Bílí_Tygři_Liberec.png
Jayce Hawryluk,Jayce Hawryluk Bílí Tygři Liberec,/mount/src/hokejove_karty/Karty/Jayce_Hawryluk_Bílí_Tygři_Liberec.png
Jérémie Ouellet-Blain,Jérémie Ouellet-Blain Mountfield HK,/mount/src/hokejove_karty/Karty/Jérémie_Ouellet-Blain_Mountfield_HK.png
Jindřich Abdul,Jindřich Abdul HC VERVA Litvínov,/mount/src/hokejove_karty/Karty/Jindřich_Abdul_HC_VERVA_Litvínov.png
Jiří Černoch,Jiří Černoch HC Energie Karlovy Vary,/mount/src/hokejove_karty/Karty/Jiří_Černoch_HC_Energie_Karlovy_Vary.png
Jiří Ondrušek,Jiří Ondrušek HC Olomouc,/mount/src/hokejove_karty/Karty/Jiří_Ondrušek_HC_Olomouc.png
Jiří Ticháček,Jiří Ticháček Rytíři Kladno,/mount/src/hokejove_karty/Karty/Jiří_Ticháček_Rytíři_Kladno.png
Joachim Rohdin,Joachim Rohdin BK Mladá Boleslav,/mount/src/hokejove_karty/Karty/Joachim_Rohdin_BK_Mladá_Boleslav.png
Jonáš Peterek,Jonáš Peterek HC Vítkovice RIDERA,/mount/src/hokejove_karty/Karty/Jonáš_Peterek_HC_Vítkovice_RIDERA.png
Joona Huttula,Joona Huttula HC Energie Karlovy Vary,/mount/src/hokejove_karty/Karty/Joona_Huttula_HC_Energie_Karlovy_Vary.png
Jordann Perret,Jordann Perret Mountfield HK,/mount/src/hokejove_karty/Karty/Jordann_Perret_Mountfield_HK.png
Josef Jícha,Josef Jícha HC VERVA Litvínov,/mount/src/hokejove_karty/Karty/Josef_Jícha_HC_VERVA_Litvínov.png
Josef Koláček,Josef Koláček Banes Motor Č. Budějovice,/mount/src/hokejove_karty/Karty/Josef_Koláček_Banes_Motor_Č._Budějovice.png
Josh Kestner,Josh Kestner HC Sparta Praha,/mount/src/hokejove_karty/Karty/Josh_Kestner_HC_Sparta_Praha.png
Juhamatti Aaltonen,Juhamatti Aaltonen BK Mladá Boleslav,/mount/src/hokejove_karty/Karty/Juhamatti_Aaltonen_BK_Mladá_Boleslav.png
Juraj Mikuš,Juraj Mikuš HC Vítkovice RIDERA,/mount/src/hokejove_karty/Karty/Juraj_Mikuš_HC_Vítkovice_RIDERA.png
Karel Plášek,Karel Plášek HC Olomouc,/mount/src/hokejove_karty/Karty/Karel_Plášek_HC_Olomouc.png
Kelly Klíma,Kelly Klíma Bílí Tygři Liberec,/mount/src/hokejove_karty/Karty/Kelly_Klíma_Bílí_Tygři_Liberec.png
Kevin Czuczman,Kevin Czuczman HC VERVA Litvínov,/mount/src/hokejove_karty/Karty/Kevin_Czuczman_HC_VERVA_Litvínov.png
Kristaps Zile,Kristaps Zile HC VERVA Litvínov,/mount/src/hokejove_karty/Karty/Kristaps_Zile_HC_VERVA_Litvínov.png
Kristián Pospíšil,Kristián Pospíšil HC Kometa Brno,/mount/src/hokejove_karty/Karty/Kristián_Pospíšil_HC_Kometa_Brno.png
Kryštof Hrabík,Kryštof Hrabík HC Sparta Praha,/mount/src/hokejove_karty/Karty/Kryštof_Hrabík_HC_Sparta_Praha.png
Liam Kirk,Liam Kirk HC VERVA Litvínov,/mount/src/hokejove_karty/Karty/Liam_Kirk_HC_VERVA_Litvínov.png
Libor Hájek,Libor Hájek HC Dynamo Pardubice,/mount/src/hokejove_karty/Karty/Libor_Hájek_HC_Dynamo_Pardubice.png
Libor Hudáček,Libor Hudáček HC Oceláři Třinec,/mount/src/hokejove_karty/Karty/Libor_Hudáček_HC_Oceláři_Třinec.png
Lukas Zetterberg,Lukas Zetterberg HC Energie Karlovy Vary,/mount/src/hokejove_karty/Karty/Lukas_Zetterberg_HC_Energie_Karlovy_Vary.png
Lukáš Anděl,Lukáš Anděl HC Olomouc,/mount/src/hokejove_karty/Karty/Lukáš_Anděl_HC_Olomouc.png
Lukáš Cingeľ,Lukáš Cingeľ HC Kometa Brno,/mount/src/hokejove_karty/Karty/Lukáš_Cingeľ_HC_Kometa_Brno.png
Lukáš Derner,Lukáš Derner Bílí Tygři Liberec,/mount/src/hokejove_karty/Karty/Lukáš_Derner_Bílí_Tygři_Liberec.png
Lukáš Kaňák,Lukáš Kaňák HC Kometa Brno,/mount/src/hokejove_karty/Karty/Lukáš_Kaňák_HC_Kometa_Brno.png
Lukáš Klimek,Lukáš Klimek HC Olomouc,/mount/src/hokejove_karty/Karty/Lukáš_Klimek_HC_Olomouc.png
Lukáš Kovář,Lukáš Kovář HC Vítkovice RIDERA,/mount/src/hokejove_karty/Karty/Lukáš_Kovář_HC_Vítkovice_RIDERA.png
Lukáš Kucsera,Lukáš Kucsera HC Olomouc,/mount/src/hokejove_karty/Karty/Lukáš_Kucsera_HC_Olomouc.png
Lukáš Mareš,Lukáš Mareš HC Olomouc,/mount/src/hokejove_karty/Karty/Lukáš_Mareš_HC_Olomouc.png
Lukáš Nahodil,Lukáš Nahodil HC Olomouc,/mount/src/hokejove_karty/Karty/Lukáš_Nahodil_HC_Olomouc.png
Lukáš Pech,Lukáš Pech Banes Motor Č. Budějovice,/mount/src/hokejove_karty/Karty/Lukáš_Pech_Banes_Motor_Č._Budějovice.png
Lukáš Pulpán,Lukáš Pulpán HC Energie Karlovy Vary,/mount/src/hokejove_karty/Karty/Lukáš_Pulpán_HC_Energie_Karlovy_Vary.png
Lukáš Radil,Lukáš Radil HC Dynamo Pardubice,/mount/src/hokejove_karty/Karty/Lukáš_Radil_HC_Dynamo_Pardubice.png
Lukáš Sedlák,Lukáš Sedlák HC Dynamo Pardubice,/mount/src/hokejove_karty/Karty/Lukáš_Sedlák_HC_Dynamo_Pardubice.png
Lukáš Válek,Lukáš Válek HC VERVA Litvínov,/mount/src/hokejove_karty/Karty/Lukáš_Válek_HC_VERVA_Litvínov.png
Lukáš Vopelka,Lukáš Vopelka Banes Motor Č. Budějovice,/mount/src/hokejove_karty/Karty/Lukáš_Vopelka_Banes_Motor_Č._Budějovice.png
Marcel Barinka,Marcel Barinka HC Vítkovice RIDERA,/mount/src/hokejove_karty/Karty/Marcel_Barinka_HC_Vítkovice_RIDERA.png
Marek Baránek,Marek Baránek HC VERVA Litvínov,/mount/src/hokejove_karty/Karty/Marek_Baránek_HC_VERVA_Litvínov.png
Marek Ďaloga,Marek Ďaloga HC Kometa Brno,/mount/src/hokejove_karty/Karty/Marek_Ďaloga_HC_Kometa_Brno.png
Marek Kalus,Marek Kalus HC Vítkovice RIDERA,/mount/src/hokejove_karty/Karty/Marek_Kalus_HC_Vítkovice_RIDERA.png
Marek Zachar,Marek Zachar Bílí Tygři Liberec,/mount/src/hokejove_karty/Karty/Marek_Zachar_Bílí_Tygři_Liberec.png
Marian Adámek,Marian Adámek HC Oceláři Třinec,/mount/src/hokejove_karty/Karty/Marian_Adámek_HC_Oceláři_Třinec.png
Mario Grman,Mario Grman HC Vítkovice RIDERA,/mount/src/hokejove_karty/Karty/Mario_Grman_HC_Vítkovice_RIDERA.png
Marko Daňo,Marko Daňo HC Oceláři Třinec,/mount/src/hokejove_karty/Karty/Marko_Daňo_HC_Oceláři_Třinec.png
Martin Beránek,Martin Beránek Banes Motor Č. Budějovice,/mount/src/hokejove_karty/Karty/Martin_Beránek_Banes_Motor_Č._Budějovice.png
Martin Bučko,Martin Bučko HC Škoda Plzeň,/mount/src/hokejove_karty/Karty/Martin_Bučko_HC_Škoda_Plzeň.png
Martin Faško-Rudáš,Martin Faško-Rudáš Bílí Tygři Liberec,/mount/src/hokejove_karty/Karty/Martin_Faško-Rudáš_Bílí_Tygři_Liberec.png
Martin Hanzl,Martin Hanzl Banes Motor Č. Budějovice,/mount/src/hokejove_karty/Karty/Martin_Hanzl_Banes_Motor_Č._Budějovice.png
Martin Havelka,Martin Havelka HC VERVA Litvínov,/mount/src/hokejove_karty/Karty/Martin_Havelka_HC_VERVA_Litvínov.png
Martin Kaut,Martin Kaut HC Dynamo Pardubice,/mount/src/hokejove_karty/Karty/Martin_Kaut_HC_Dynamo_Pardubice.png
Martin Kohout,Martin Kohout HC Kometa Brno,/mount/src/hokejove_karty/Karty/Martin_Kohout_HC_Kometa_Brno.png
Martin Marinčin,Martin Marinčin HC Oceláři Třinec,/mount/src/hokejove_karty/Karty/Martin_Marinčin_HC_Oceláři_Třinec.png
Martin Nemčík,Martin Nemčík Rytíři Kladno,/mount/src/hokejove_karty/Karty/Martin_Nemčík_Rytíři_Kladno.png
Martin Pláněk,Martin Pláněk Mountfield HK,/mount/src/hokejove_karty/Karty/Martin_Pláněk_Mountfield_HK.png
Martin Procházka,Martin Procházka Rytíři Kladno,/mount/src/hokejove_karty/Karty/Martin_Procházka_Rytíři_Kladno.png
Martin Růžička,Martin Růžička HC Oceláři Třinec,/mount/src/hokejove_karty/Karty/Martin_Růžička_HC_Oceláři_Třinec.png
Martin Zaťovič,Martin Zaťovič HC Kometa Brno,/mount/src/hokejove_karty/Karty/Martin_Zaťovič_HC_Kometa_Brno.png
Matěj Chalupa,Matěj Chalupa Mountfield HK,/mount/src/hokejove_karty/Karty/Matěj_Chalupa_Mountfield_HK.png
Matěj Maštalířský,Matěj Maštalířský HC VERVA Litvínov,/mount/src/hokejove_karty/Karty/Matěj_Maštalířský_HC_VERVA_Litvínov.png
Matej Paulovič,Matej Paulovič HC Dynamo Pardubice,/mount/src/hokejove_karty/Karty/Matej_Paulovič_HC_Dynamo_Pardubice.png
Matěj Prčík,Matěj Prčík HC Vítkovice RIDERA,/mount/src/hokejove_karty/Karty/Matěj_Prčík_HC_Vítkovice_RIDERA.png
Matěj Stříteský,Matěj Stříteský HC Energie Karlovy Vary,/mount/src/hokejove_karty/Karty/Matěj_Stříteský_HC_Energie_Karlovy_Vary.png
Matěj Toman,Matěj Toman Banes Motor Č. Budějovice,/mount/src/hokejove_karty/Karty/Matěj_Toman_Banes_Motor_Č._Budějovice.png
Matouš Menšík,Matouš Menšík HC Olomouc,/mount/src/hokejove_karty/Karty/Matouš_Menšík_HC_Olomouc.png
Matti Järvinen,Matti Järvinen BK Mladá Boleslav,/mount/src/hokejove_karty/Karty/Matti_Järvinen_BK_Mladá_Boleslav.png
Matúš Sukel',Matúš Sukel' HC VERVA Litvínov,/mount/src/hokejove_karty/Karty/Matúš_Sukel'_HC_VERVA_Litvínov.png
Michael Frolík,Michael Frolík Rytíři Kladno,/mount/src/hokejove_karty/Karty/Michael_Frolík_Rytíři_Kladno.png
Michal Birner,Michal Birner Bílí Tygři Liberec,/mount/src/hokejove_karty/Karty/Michal_Birner_Bílí_Tygři_Liberec.png
Michal Bulíř,Michal Bulíř Bílí Tygři Liberec,/mount/src/hokejove_karty/Karty/Michal_Bulíř_Bílí_Tygři_Liberec.png
Michal Gulaši,Michal Gulaši Banes Motor Č. Budějovice,/mount/src/hokejove_karty/Karty/Michal_Gulaši_Banes_Motor_Č._Budějovice.png
Michal Gut,Michal Gut HC VERVA Litvínov,/mount/src/hokejove_karty/Karty/Michal_Gut_HC_VERVA_Litvínov.png
Michal Houdek,Michal Houdek HC Dynamo Pardubice,/mount/src/hokejove_karty/Karty/Michal_Houdek_HC_Dynamo_Pardubice.png
Michal Hrádek,Michal Hrádek HC Dynamo Pardubice,/mount/src/hokejove_karty/Karty/Michal_Hrádek_HC_Dynamo_Pardubice.png
Michal Ivan,Michal Ivan Bílí Tygři Liberec,/mount/src/hokejove_karty/Karty/Michal_Ivan_Bílí_Tygři_Liberec.png
Michal Kempný,Michal Kempný HC Sparta Praha,/mount/src/hokejove_karty/Karty/Michal_Kempný_HC_Sparta_Praha.png
Michal Kunc,Michal Kunc HC Olomouc,/mount/src/hokejove_karty/Karty/Michal_Kunc_HC_Olomouc.png
Michal Moravčík,Michal Moravčík HC Sparta Praha,/mount/src/hokejove_karty/Karty/Michal_Moravčík_HC_Sparta_Praha.png
Michal Plutnar,Michal Plutnar HC Energie Karlovy Vary,/mount/src/hokejove_karty/Karty/Michal_Plutnar_HC_Energie_Karlovy_Vary.png
Michal Řepík,Michal Řepík HC Sparta Praha,/mount/src/hokejove_karty/Karty/Michal_Řepík_HC_Sparta_Praha.png
Mikuláš Hovorka,Mikuláš Hovorka Banes Motor Č. Budějovice,/mount/src/hokejove_karty/Karty/Mikuláš_Hovorka_Banes_Motor_Č._Budějovice.png
Milan Doudera,Milan Doudera Banes Motor Č. Budějovice,/mount/src/hokejove_karty/Karty/Milan_Doudera_Banes_Motor_Č._Budějovice.png
Milan Gulaš,Milan Gulaš Banes Motor Č. Budějovice,/mount/src/hokejove_karty/Karty/Milan_Gulaš_Banes_Motor_Č._Budějovice.png
Miloš Roman,Miloš Roman HC Oceláři Třinec,/mount/src/hokejove_karty/Karty/Miloš_Roman_HC_Oceláři_Třinec.png
Miroslav Forman,Miroslav Forman HC Sparta Praha,/mount/src/hokejove_karty/Karty/Miroslav_Forman_HC_Sparta_Praha.png
Miroslav Indrák,Miroslav Indrák HC Škoda Plzeň,/mount/src/hokejove_karty/Karty/Miroslav_Indrák_HC_Škoda_Plzeň.png
Nicolas Hlava,Nicolas Hlava HC VERVA Litvínov,/mount/src/hokejove_karty/Karty/Nicolas_Hlava_HC_VERVA_Litvínov.png
Oliver Okuliar,Oliver Okuliar Mountfield HK,/mount/src/hokejove_karty/Karty/Oliver_Okuliar_Mountfield_HK.png
Ondřej Beránek,Ondřej Beránek HC Energie Karlovy Vary,/mount/src/hokejove_karty/Karty/Ondřej_Beránek_HC_Energie_Karlovy_Vary.png
Ondřej Bláha,Ondřej Bláha Rytíři Kladno,/mount/src/hokejove_karty/Karty/Ondřej_Bláha_Rytíři_Kladno.png
Ondřej Dlapa,Ondřej Dlapa HC Energie Karlovy Vary,/mount/src/hokejove_karty/Karty/Ondřej_Dlapa_HC_Energie_Karlovy_Vary.png
Ondřej Jurčík,Ondřej Jurčík HC VERVA Litvínov,/mount/src/hokejove_karty/Karty/Ondřej_Jurčík_HC_VERVA_Litvínov.png
Ondřej Kachyňa,Ondřej Kachyňa Banes Motor Č. Budějovice,/mount/src/hokejove_karty/Karty/Ondřej_Kachyňa_Banes_Motor_Č._Budějovice.png
Ondřej Kaše,Ondřej Kaše HC VERVA Litvínov,/mount/src/hokejove_karty/Karty/Ondřej_Kaše_HC_VERVA_Litvínov.png
Ondřej Matýs,Ondřej Matýs HC Škoda Plzeň,/mount/src/hokejove_karty/Karty/Ondřej_Matýs_HC_Škoda_Plzeň.png
Ondřej Mikliš,Ondřej Mikliš HC Sparta Praha,/mount/src/hokejove_karty/Karty/Ondřej_Mikliš_HC_Sparta_Praha.png
Ondřej Najman,Ondřej Najman HC Sparta Praha,/mount/src/hokejove_karty/Karty/Ondřej_Najman_HC_Sparta_Praha.png
Ondřej Procházka,Ondřej Procházka HC Energie Karlovy Vary,/mount/src/hokejove_karty/Karty/Ondřej_Procházka_HC_Energie_Karlovy_Vary.png
Ondřej Rohlík,Ondřej Rohlík HC Dynamo Pardubice,/mount/src/hokejove_karty/Karty/Ondřej_Rohlík_HC_Dynamo_Pardubice.png
Ondřej Roman,Ondřej Roman BK Mladá Boleslav,/mount/src/hokejove_karty/Karty/Ondřej_Roman_BK_Mladá_Boleslav.png
Ondřej Slováček,Ondřej Slováček Rytíři Kladno,/mount/src/hokejove_karty/Karty/Ondřej_Slováček_Rytíři_Kladno.png
Ondřej Vála,Ondřej Vála HC Dynamo Pardubice,/mount/src/hokejove_karty/Karty/Ondřej_Vála_HC_Dynamo_Pardubice.png
Oscar Flynn,Oscar Flynn Bílí Tygři Liberec,/mount/src/hokejove_karty/Karty/Oscar_Flynn_Bílí_Tygři_Liberec.png
Patrik Demel,Patrik Demel HC VERVA Litvínov,/mount/src/hokejove_karty/Karty/Patrik_Demel_HC_VERVA_Litvínov.png
Patrik Hrehorčák,Patrik Hrehorčák HC Oceláři Třinec,/mount/src/hokejove_karty/Karty/Patrik_Hrehorčák_HC_Oceláři_Třinec.png
Patrik Marcel,Patrik Marcel Mountfield HK,/mount/src/hokejove_karty/Karty/Patrik_Marcel_Mountfield_HK.png
Patrik Miškář,Patrik Miškář Mountfield HK,/mount/src/hokejove_karty/Karty/Patrik_Miškář_Mountfield_HK.png
Patrik Poulíček,Patrik Poulíček HC Dynamo Pardubice,/mount/src/hokejove_karty/Karty/Patrik_Poulíček_HC_Dynamo_Pardubice.png
Patrik Zdráhal,Patrik Zdráhal HC Vítkovice RIDERA,/mount/src/hokejove_karty/Karty/Patrik_Zdráhal_HC_Vítkovice_RIDERA.png
Pavel Kousal,Pavel Kousal HC Sparta Praha,/mount/src/hokejove_karty/Karty/Pavel_Kousal_HC_Sparta_Praha.png
Pavel Musil,Pavel Musil HC Olomouc,/mount/src/hokejove_karty/Karty/Pavel_Musil_HC_Olomouc.png
Pavel Pýcha,Pavel Pýcha Banes Motor Č. Budějovice,/mount/src/hokejove_karty/Karty/Pavel_Pýcha_Banes_Motor_Č._Budějovice.png
Pavol Skalický,Pavol Skalický BK Mladá Boleslav,/mount/src/hokejove_karty/Karty/Pavol_Skalický_BK_Mladá_Boleslav.png
Pawel Zygmunt,Pawel Zygmunt HC VERVA Litvínov,/mount/src/hokejove_karty/Karty/Pawel_Zygmunt_HC_VERVA_Litvínov.png
Peter Čerešňák,Peter Čerešňák HC Dynamo Pardubice,/mount/src/hokejove_karty/Karty/Peter_Čerešňák_HC_Dynamo_Pardubice.png
Peter Krieger,Peter Krieger HC Vítkovice RIDERA,/mount/src/hokejove_karty/Karty/Peter_Krieger_HC_Vítkovice_RIDERA.png
Peter Mueller,Peter Mueller HC Vítkovice RIDERA,/mount/src/hokejove_karty/Karty/Peter_Mueller_HC_Vítkovice_RIDERA.png
Petr Fridrich,Petr Fridrich HC Vítkovice RIDERA,/mount/src/hokejove_karty/Karty/Petr_Fridrich_HC_Vítkovice_RIDERA.png
Petr Gewiese,Petr Gewiese BK Mladá Boleslav,/mount/src/hokejove_karty/Karty/Petr_Gewiese_BK_Mladá_Boleslav.png
Petr Hauser,Petr Hauser HC Sparta Praha,/mount/src/hokejove_karty/Karty/Petr_Hauser_HC_Sparta_Praha.png
Petr Holík,Petr Holík HC Kometa Brno,/mount/src/hokejove_karty/Karty/Petr_Holík_HC_Kometa_Brno.png
Petr Chlán,Petr Chlán HC Vítkovice RIDERA,/mount/src/hokejove_karty/Karty/Petr_Chlán_HC_Vítkovice_RIDERA.png
Petr Kalina,Petr Kalina Mountfield HK,/mount/src/hokejove_karty/Karty/Petr_Kalina_Mountfield_HK.png
Petr Koblasa,Petr Koblasa HC VERVA Litvínov,/mount/src/hokejove_karty/Karty/Petr_Koblasa_HC_VERVA_Litvínov.png
Petr Kratochvíl,Petr Kratochvíl HC Kometa Brno,/mount/src/hokejove_karty/Karty/Petr_Kratochvíl_HC_Kometa_Brno.png
Petr Sikora,Petr Sikora HC Oceláři Třinec,/mount/src/hokejove_karty/Karty/Petr_Sikora_HC_Oceláři_Třinec.png
Petr Straka,Petr Straka HC Škoda Plzeň,/mount/src/hokejove_karty/Karty/Petr_Straka_HC_Škoda_Plzeň.png
Petr Vrána,Petr Vrána HC Oceláři Třinec,/mount/src/hokejove_karty/Karty/Petr_Vrána_HC_Oceláři_Třinec.png
Petr Zámorský,Petr Zámorský HC Škoda Plzeň,/mount/src/hokejove_karty/Karty/Petr_Zámorský_HC_Škoda_Plzeň.png
Radek Jeřábek,Radek Jeřábek HC Vítkovice RIDERA,/mount/src/hokejove_karty/Karty/Radek_Jeřábek_HC_Vítkovice_RIDERA.png
Radek Kučeřík,Radek Kučeřík HC Kometa Brno,/mount/src/hokejove_karty/Karty/Radek_Kučeřík_HC_Kometa_Brno.png
Radek Mužík,Radek Mužík HC Sparta Praha,/mount/src/hokejove_karty/Karty/Radek_Mužík_HC_Sparta_Praha.png
Radek Pilař,Radek Pilař Mountfield HK,/mount/src/hokejove_karty/Karty/Radek_Pilař_Mountfield_HK.png
Radek Smoleňák,Radek Smoleňák Rytíři Kladno,/mount/src/hokejove_karty/Karty/Radek_Smoleňák_Rytíři_Kladno.png
Radim Šalda,Radim Šalda HC VERVA Litvínov,/mount/src/hokejove_karty/Karty/Radim_Šalda_HC_VERVA_Litvínov.png
Radovan Pavlík,Radovan Pavlík Mountfield HK,/mount/src/hokejove_karty/Karty/Radovan_Pavlík_Mountfield_HK.png
Ralfs Freibergs,Ralfs Freibergs Mountfield HK,/mount/src/hokejove_karty/Karty/Ralfs_Freibergs_Mountfield_HK.png
Rastislav Dej,Rastislav Dej HC Vítkovice RIDERA,/mount/src/hokejove_karty/Karty/Rastislav_Dej_HC_Vítkovice_RIDERA.png
Rhett Holland,Rhett Holland HC Kometa Brno,/mount/src/hokejove_karty/Karty/Rhett_Holland_HC_Kometa_Brno.png
Rihards Bukarts,Rihards Bukarts HC Vítkovice RIDERA,/mount/src/hokejove_karty/Karty/Rihards_Bukarts_HC_Vítkovice_RIDERA.png
Richard Jarůšek,Richard Jarůšek Rytíři Kladno,/mount/src/hokejove_karty/Karty/Richard_Jarůšek_Rytíři_Kladno.png
Richard Nedomlel,Richard Nedomlel HC Oceláři Třinec,/mount/src/hokejove_karty/Karty/Richard_Nedomlel_HC_Oceláři_Třinec.png
Richard Pánik,Richard Pánik HC Dynamo Pardubice,/mount/src/hokejove_karty/Karty/Richard_Pánik_HC_Dynamo_Pardubice.png
Robert Kousal,Robert Kousal HC Dynamo Pardubice,/mount/src/hokejove_karty/Karty/Robert_Kousal_HC_Dynamo_Pardubice.png
Róbert Lantoši,Róbert Lantoši BK Mladá Boleslav,/mount/src/hokejove_karty/Karty/Róbert_Lantoši_BK_Mladá_Boleslav.png
Robert Říčka,Robert Říčka HC Dynamo Pardubice,/mount/src/hokejove_karty/Karty/Robert_Říčka_HC_Dynamo_Pardubice.png
Roberts Bukarts,Roberts Bukarts HC Vítkovice RIDERA,/mount/src/hokejove_karty/Karty/Roberts_Bukarts_HC_Vítkovice_RIDERA.png
Rok Macuh,Rok Macuh HC Olomouc,/mount/src/hokejove_karty/Karty/Rok_Macuh_HC_Olomouc.png
Roman Horák,Roman Horák HC Sparta Praha,/mount/src/hokejove_karty/Karty/Roman_Horák_HC_Sparta_Praha.png
Roman Přikryl,Roman Přikryl HC Energie Karlovy Vary,/mount/src/hokejove_karty/Karty/Roman_Přikryl_HC_Energie_Karlovy_Vary.png
Roman Vráblík,Roman Vráblík Banes Motor Č. Budějovice,/mount/src/hokejove_karty/Karty/Roman_Vráblík_Banes_Motor_Č._Budějovice.png
Ronald Knot,Ronald Knot Bílí Tygři Liberec,/mount/src/hokejove_karty/Karty/Ronald_Knot_Bílí_Tygři_Liberec.png
Sebastian Malát,Sebastian Malát BK Mladá Boleslav,/mount/src/hokejove_karty/Karty/Sebastian_Malát_BK_Mladá_Boleslav.png
Silvester Kusko,Silvester Kusko HC Olomouc,/mount/src/hokejove_karty/Karty/Silvester_Kusko_HC_Olomouc.png
Steve Moses,Steve Moses HC Kometa Brno,/mount/src/hokejove_karty/Karty/Steve_Moses_HC_Kometa_Brno.png
Stuart Percy,Stuart Percy HC Vítkovice RIDERA,/mount/src/hokejove_karty/Karty/Stuart_Percy_HC_Vítkovice_RIDERA.png
T.J. Melancon,T.J. Melancon Bílí Tygři Liberec,/mount/src/hokejove_karty/Karty/T.J._Melancon_Bílí_Tygři_Liberec.png
Tadeáš Hejda,Tadeáš Hejda Rytíři Kladno,/mount/src/hokejove_karty/Karty/Tadeáš_Hejda_Rytíři_Kladno.png
Tim Söderlund,Tim Söderlund HC Škoda Plzeň,/mount/src/hokejove_karty/Karty/Tim_Söderlund_HC_Škoda_Plzeň.png
Tomáš Bartejs,Tomáš Bartejs HC Energie Karlovy Vary,/mount/src/hokejove_karty/Karty/Tomáš_Bartejs_HC_Energie_Karlovy_Vary.png
Tomáš Černý,Tomáš Černý HC Olomouc,/mount/src/hokejove_karty/Karty/Tomáš_Černý_HC_Olomouc.png
Tomáš Dujsík,Tomáš Dujsík HC Škoda Plzeň,/mount/src/hokejove_karty/Karty/Tomáš_Dujsík_HC_Škoda_Plzeň.png
Tomáš Dvořák,Tomáš Dvořák HC Dynamo Pardubice,/mount/src/hokejove_karty/Karty/Tomáš_Dvořák_HC_Dynamo_Pardubice.png
Tomáš Filippi,Tomáš Filippi Bílí Tygři Liberec,/mount/src/hokejove_karty/Karty/Tomáš_Filippi_Bílí_Tygři_Liberec.png
Tomáš Fořt,Tomáš Fořt BK Mladá Boleslav,/mount/src/hokejove_karty/Karty/Tomáš_Fořt_BK_Mladá_Boleslav.png
Tomáš Galvas,Tomáš Galvas Bílí Tygři Liberec,/mount/src/hokejove_karty/Karty/Tomáš_Galvas_Bílí_Tygři_Liberec.png
Tomáš Havlín,Tomáš Havlín HC Energie Karlovy Vary,/mount/src/hokejove_karty/Karty/Tomáš_Havlín_HC_Energie_Karlovy_Vary.png
Tomáš Hyka,Tomáš Hyka HC Dynamo Pardubice,/mount/src/hokejove_karty/Karty/Tomáš_Hyka_HC_Dynamo_Pardubice.png
Tomáš Chlubna,Tomáš Chlubna Banes Motor Č. Budějovice,/mount/src/hokejove_karty/Karty/Tomáš_Chlubna_Banes_Motor_Č._Budějovice.png
Tomáš Kundrátek,Tomáš Kundrátek HC Oceláři Třinec,/mount/src/hokejove_karty/Karty/Tomáš_Kundrátek_HC_Oceláři_Třinec.png
Tomáš Marcinko,Tomáš Marcinko HC Kometa Brno,/mount/src/hokejove_karty/Karty/Tomáš_Marcinko_HC_Kometa_Brno.png
Tomáš Mertl,Tomáš Mertl HC Škoda Plzeň,/mount/src/hokejove_karty/Karty/Tomáš_Mertl_HC_Škoda_Plzeň.png
Tomáš Pavelka,Tomáš Pavelka Mountfield HK,/mount/src/hokejove_karty/Karty/Tomáš_Pavelka_Mountfield_HK.png
Tomáš Plekanec,Tomáš Plekanec Rytíři Kladno,/mount/src/hokejove_karty/Karty/Tomáš_Plekanec_Rytíři_Kladno.png
Tomáš Rachůnek,Tomáš Rachůnek HC Energie Karlovy Vary,/mount/src/hokejove_karty/Karty/Tomáš_Rachůnek_HC_Energie_Karlovy_Vary.png
Tomáš Redlich,Tomáš Redlich HC Energie Karlovy Vary,/mount/src/hokejove_karty/Karty/Tomáš_Redlich_HC_Energie_Karlovy_Vary.png
Tomáš Šmerha,Tomáš Šmerha BK Mladá Boleslav,/mount/src/hokejove_karty/Karty/Tomáš_Šmerha_BK_Mladá_Boleslav.png
Tomáš Šoustal,Tomáš Šoustal HC Vítkovice RIDERA,/mount/src/hokejove_karty/Karty/Tomáš_Šoustal_HC_Vítkovice_RIDERA.png
Tomáš Tomek,Tomáš Tomek HC Sparta Praha,/mount/src/hokejove_karty/Karty/Tomáš_Tomek_HC_Sparta_Praha.png
Tomáš Urban,Tomáš Urban HC Dynamo Pardubice,/mount/src/hokejove_karty/Karty/Tomáš_Urban_HC_Dynamo_Pardubice.png
Tomáš Vincour,Tomáš Vincour HC Kometa Brno,/mount/src/hokejove_karty/Karty/Tomáš_Vincour_HC_Kometa_Brno.png
Tomáš Vondráček,Tomáš Vondráček HC Dynamo Pardubice,/mount/src/hokejove_karty/Karty/Tomáš_Vondráček_HC_Dynamo_Pardubice.png
Tomáš Zohorna,Tomáš Zohorna HC Dynamo Pardubice,/mount/src/hokejove_karty/Karty/Tomáš_Zohorna_HC_Dynamo_Pardubice.png
Václav Veber,Václav Veber Rytíři Kladno,/mount/src/hokejove_karty/Karty/Václav_Veber_Rytíři_Kladno.png
Valentin Claireaux,Valentin Claireaux HC Vítkovice RIDERA,/mount/src/hokejove_karty/Karty/Valentin_Claireaux_HC_Vítkovice_RIDERA.png
Viliam Čacho,Viliam Čacho HC Oceláři Třinec,/mount/src/hokejove_karty/Karty/Viliam_Čacho_HC_Oceláři_Třinec.png
Vít Jiskra,Vít Jiskra HC Energie Karlovy Vary,/mount/src/hokejove_karty/Karty/Vít_Jiskra_HC_Energie_Karlovy_Vary.png
Vladimír Dravecký,Vladimír Dravecký HC Oceláři Třinec,/mount/src/hokejove_karty/Karty/Vladimír_Dravecký_HC_Oceláři_Třinec.png
Vladimír Sobotka,Vladimír Sobotka HC Sparta Praha,/mount/src/hokejove_karty/Karty/Vladimír_Sobotka_HC_Sparta_Praha.png
Vojtěch Budík,Vojtěch Budík Bílí Tygři Liberec,/mount/src/hokejove_karty/Karty/Vojtěch_Budík_Bílí_Tygři_Liberec.png
Vojtěch Hradec,Vojtěch Hradec BK Mladá Boleslav,/mount/src/hokejove_karty/Karty/Vojtěch_Hradec_BK_Mladá_Boleslav.png
Vojtěch Mozík,Vojtěch Mozík HC Sparta Praha,/mount/src/hokejove_karty/Karty/Vojtěch_Mozík_HC_Sparta_Praha.png
Willie Raskob,Willie Raskob HC Vítkovice RIDERA,/mount/src/hokejove_karty/Karty/Willie_Raskob_HC_Vítkovice_RIDERA.png
Yohann Auvitu,Yohann Auvitu HC Vítkovice RIDERA,/mount/src/hokejove_karty/Karty/Yohann_Auvitu_HC_Vítkovice_RIDERA.png
Zach Osburn,Zach Osburn HC Kometa Brno,/mount/src/hokejove_karty/Karty/Zach_Osburn_HC_Kometa_Brno.png
Zdeněk Okál,Zdeněk Okál HC Kometa Brno,/mount/src/hokejove_karty/Karty/Zdeněk_Okál_HC_Kometa_Brno.png
Adam Brízgala,Adam Brízgala Rytíři Kladno,/mount/src/hokejove_karty/Karty/Adam_Brízgala_Rytíři_Kladno.png
Branislav Konrád,Branislav Konrád HC Olomouc,/mount/src/hokejove_karty/Karty/Branislav_Konrád_HC_Olomouc.png
Daniel Král,Daniel Král Bílí Tygři Liberec,/mount/src/hokejove_karty/Karty/Daniel_Král_Bílí_Tygři_Liberec.png
Dávid Hrenák,Dávid Hrenák Bílí Tygři Liberec,/mount/src/hokejove_karty/Karty/Dávid_Hrenák_Bílí_Tygři_Liberec.png
Dominik Frodl,Dominik Frodl HC Energie Karlovy Vary,/mount/src/hokejove_karty/Karty/Dominik_Frodl_HC_Energie_Karlovy_Vary.png
Dominik Furch,Dominik Furch HC Kometa Brno,/mount/src/hokejove_karty/Karty/Dominik_Furch_HC_Kometa_Brno.png
Dominik Hrachovina,Dominik Hrachovina Banes Motor Č. Budějovice,/mount/src/hokejove_karty/Karty/Dominik_Hrachovina_Banes_Motor_Č._Budějovice.png
Dominik Pavlát,Dominik Pavlát HC Dynamo Pardubice,/mount/src/hokejove_karty/Karty/Dominik_Pavlát_HC_Dynamo_Pardubice.png
Eetu Laurikainen,Eetu Laurikainen Mountfield HK,/mount/src/hokejove_karty/Karty/Eetu_Laurikainen_Mountfield_HK.png
Filip Novotný,Filip Novotný BK Mladá Boleslav,/mount/src/hokejove_karty/Karty/Filip_Novotný_BK_Mladá_Boleslav.png
Henri Kiviaho,Henri Kiviaho Mountfield HK,/mount/src/hokejove_karty/Karty/Henri_Kiviaho_Mountfield_HK.png
Jakub Kovář,Jakub Kovář HC Sparta Praha,/mount/src/hokejove_karty/Karty/Jakub_Kovář_HC_Sparta_Praha.png
Jakub Sedláček,Jakub Sedláček HC Olomouc,/mount/src/hokejove_karty/Karty/Jakub_Sedláček_HC_Olomouc.png
Jan Kavan,Jan Kavan HC Kometa Brno,/mount/src/hokejove_karty/Karty/Jan_Kavan_HC_Kometa_Brno.png
Jan Lukáš,Jan Lukáš Mountfield HK,/mount/src/hokejove_karty/Karty/Jan_Lukáš_Mountfield_HK.png
Jan Růžička,Jan Růžička BK Mladá Boleslav,/mount/src/hokejove_karty/Karty/Jan_Růžička_BK_Mladá_Boleslav.png
Jan Strmeň,Jan Strmeň Banes Motor Č. Budějovice,/mount/src/hokejove_karty/Karty/Jan_Strmeň_Banes_Motor_Č._Budějovice.png
Josef Kořenář,Josef Kořenář HC Sparta Praha,/mount/src/hokejove_karty/Karty/Josef_Kořenář_HC_Sparta_Praha.png
Landon Bow,Landon Bow Rytíři Kladno,/mount/src/hokejove_karty/Karty/Landon_Bow_Rytíři_Kladno.png
Lukáš Klimeš,Lukáš Klimeš HC Vítkovice RIDERA,/mount/src/hokejove_karty/Karty/Lukáš_Klimeš_HC_Vítkovice_RIDERA.png
Lukáš Pařík,Lukáš Pařík Mountfield HK,/mount/src/hokejove_karty/Karty/Lukáš_Pařík_Mountfield_HK.png
Marek Mazanec,Marek Mazanec HC Oceláři Třinec,/mount/src/hokejove_karty/Karty/Marek_Mazanec_HC_Oceláři_Třinec.png
Mareks Mitens,Mareks Mitens Rytíři Kladno,/mount/src/hokejove_karty/Karty/Mareks_Mitens_Rytíři_Kladno.png
Matěj Machovský,Matěj Machovský HC Vítkovice RIDERA,/mount/src/hokejove_karty/Karty/Matěj_Machovský_HC_Vítkovice_RIDERA.png
Matej Tomek,Matej Tomek HC VERVA Litvínov,/mount/src/hokejove_karty/Karty/Matej_Tomek_HC_VERVA_Litvínov.png
Milan Klouček,Milan Klouček HC Škoda Plzeň,/mount/src/hokejove_karty/Karty/Milan_Klouček_HC_Škoda_Plzeň.png
Ondřej Kacetl,Ondřej Kacetl HC Oceláři Třinec,/mount/src/hokejove_karty/Karty/Ondřej_Kacetl_HC_Oceláři_Třinec.png
Patrik Bartošák,Patrik Bartošák Mountfield HK,/mount/src/hokejove_karty/Karty/Patrik_Bartošák_Mountfield_HK.png
Roman Will,Roman Will HC Dynamo Pardubice,/mount/src/hokejove_karty/Karty/Roman_Will_HC_Dynamo_Pardubice.png
Samuel Hlavaj,Samuel Hlavaj HC Škoda Plzeň,/mount/src/hokejove_karty/Karty/Samuel_Hlavaj_HC_Škoda_Plzeň.png
Šimon Zajíček,Šimon Zajíček HC VERVA Litvínov,/mount/src/hokejove_karty/Karty/Šimon_Zajíček_HC_VERVA_Litvínov.png
Štěpán Lukeš,Štěpán Lukeš HC Kometa Brno,/mount/src/hokejove_karty/Karty/Štěpán_Lukeš_HC_Kometa_Brno.png
Vladislav Habal,Vladislav Habal HC Energie Karlovy Vary,/mount/src/hokejove_karty/Karty/Vladislav_Habal_HC_Energie_Karlovy_Vary.png
